{"context":"et_builder","data":{"3209":"[et_pb_section fb_built=\"1\" custom_padding_last_edited=\"on|tablet\" _builder_version=\"4.15.1\" _module_preset=\"default\" custom_padding=\"100px||100px||false|false\" custom_padding_tablet=\"80px||80px||false|false\" custom_padding_phone=\"80px||80px||false|false\" locked=\"off\" global_colors_info=\"{}\"][et_pb_row use_custom_gutter=\"on\" gutter_width=\"2\" _builder_version=\"4.15.1\" _module_preset=\"default\" max_width=\"900px\" custom_padding=\"0px||0px||false|false\" global_colors_info=\"{}\"][et_pb_column type=\"4_4\" _builder_version=\"4.15.1\" _module_preset=\"default\" global_colors_info=\"{}\"][et_pb_blog posts_number=\"6\" excerpt_length=\"100\" show_more=\"on\" show_author=\"off\" show_pagination=\"off\" module_id=\"themomarket__blog_1\" _builder_version=\"4.15.1\" _module_preset=\"default\" header_font=\"Poppins||||||||\" header_text_color=\"#000000\" header_font_size=\"1.25rem\" header_line_height=\"160%\" body_font=\"Poppins||||||||\" body_text_color=\"#777777\" body_font_size=\"1rem\" body_line_height=\"160%\" meta_font=\"Poppins||||||||\" meta_text_color=\"#3949f9\" meta_font_size=\"0.8rem\" meta_line_height=\"120%\" read_more_font=\"Poppins||||||||\" read_more_text_color=\"#3949f9\" read_more_font_size=\"1rem\" read_more_line_height=\"120%\" custom_css_post_meta=\"margin-bottom:24px;\" custom_css_read_more=\"text-transform:capitalize;||margin-top:24px;\" global_colors_info=\"{}\" header_text_color__hover_enabled=\"on|desktop\" header_text_color__hover=\"#3949f9\"][\/et_pb_blog][et_pb_code admin_label=\"Custom Css\" _builder_version=\"4.15.1\" _module_preset=\"default\" global_colors_info=\"{}\"]<style><!-- [et_pb_line_break_holder] -->  #themomarket__blog_1 .et_pb_post{<!-- [et_pb_line_break_holder] -->    padding:20px;<!-- [et_pb_line_break_holder] -->    padding-bottom:0;<!-- [et_pb_line_break_holder] -->    position:relative;<!-- [et_pb_line_break_holder] -->    box-shadow: 5px 5px 0px 0px rgba(0,0,0,0.1);<!-- [et_pb_line_break_holder] -->    border: 1px solid #d8d8d8;<!-- [et_pb_line_break_holder] -->  }<!-- [et_pb_line_break_holder] -->   #themomarket__blog_1 .entry-featured-image-url{<!-- [et_pb_line_break_holder] -->      margin:0;<!-- [et_pb_line_break_holder] -->    }<!-- [et_pb_line_break_holder] -->@media screen and (min-width: 764px) {<!-- [et_pb_line_break_holder] -->    #themomarket__blog_1 .entry-featured-image-url{<!-- [et_pb_line_break_holder] -->      position:relative;<!-- [et_pb_line_break_holder] -->      margin:-20px<!-- [et_pb_line_break_holder] -->    }<!-- [et_pb_line_break_holder] -->     #themomarket__blog_1 .entry-featured-image-url img{<!-- [et_pb_line_break_holder] -->      float: right;<!-- [et_pb_line_break_holder] -->      margin-left: 30px;<!-- [et_pb_line_break_holder] -->      width: 260px;<!-- [et_pb_line_break_holder] -->      height: 260px;<!-- [et_pb_line_break_holder] -->      object-fit: cover;<!-- [et_pb_line_break_holder] -->    }<!-- [et_pb_line_break_holder] -->     #themomarket__blog_1 .entry-title,<!-- [et_pb_line_break_holder] -->       #themomarket__blog_1 .post-meta,<!-- [et_pb_line_break_holder] -->      #themomarket__blog_1 .post-content{<!-- [et_pb_line_break_holder] -->        width:calc(100% - 290px);<!-- [et_pb_line_break_holder] -->        float:left;<!-- [et_pb_line_break_holder] -->      }<!-- [et_pb_line_break_holder] -->  }<!-- [et_pb_line_break_holder] -->  #themomarket__blog_1 .entry-featured-image-url img{<!-- [et_pb_line_break_holder] -->    transition:transform 1s ease;<!-- [et_pb_line_break_holder] -->  }<!-- [et_pb_line_break_holder] -->  #themomarket__blog_1 .et_pb_post:hover .entry-featured-image-url img{<!-- [et_pb_line_break_holder] -->    transform: scale(1.02);<!-- [et_pb_line_break_holder] -->  }<!-- [et_pb_line_break_holder] -->  #themomarket__blog_1 .entry-featured-image-url:before{<!-- [et_pb_line_break_holder] -->    content:\"\";<!-- [et_pb_line_break_holder] -->    position:absolute;<!-- [et_pb_line_break_holder] -->    left:0;<!-- [et_pb_line_break_holder] -->    top:0;<!-- [et_pb_line_break_holder] -->    background: rgb(0,0,0);<!-- [et_pb_line_break_holder] -->    background: linear-gradient(180deg, rgba(0,0,0,0) 0%, rgba(0,0,0,1) 100%);<!-- [et_pb_line_break_holder] -->    width:100%;<!-- [et_pb_line_break_holder] -->    height:100%;<!-- [et_pb_line_break_holder] -->    display:block;<!-- [et_pb_line_break_holder] -->    z-index:1;<!-- [et_pb_line_break_holder] -->  }<!-- [et_pb_line_break_holder] -->  #themomarket__blog_1 .entry-title{<!-- [et_pb_line_break_holder] -->   padding-top:16px;<!-- [et_pb_line_break_holder] --> }<!-- [et_pb_line_break_holder] -->  #themomarket__blog_1 .post-content{<!-- [et_pb_line_break_holder] -->    padding-bottom:16px;<!-- [et_pb_line_break_holder] -->  }<!-- [et_pb_line_break_holder] --><\/style>[\/et_pb_code][\/et_pb_column][\/et_pb_row][\/et_pb_section]"},"presets":{},"global_colors":[["gcid-86c3591e-93e2-4ce7-9e1b-444cb128ca3b",{"color":"#daa404","active":"yes"}],["gcid-f04a9e0e-872a-46e8-b8f0-8f4e51311639",{"color":"#ffffff","active":"yes"}],["gcid-d701b2ca-e4a8-4791-ac3d-e605f5ce7558",{"color":"#bebbb6","active":"yes"}],["gcid-dda02c6e-2995-44dd-872c-80e7885d2d65",{"color":"#03b5c1","active":"yes"}],["gcid-fcab1aee-a75e-43fa-9e0d-b25c9f634623",{"color":"rgba(3,181,193,0.11)","active":"yes"}]],"images":[],"thumbnails":[]}