{"context":"et_builder","data":{"2049":"[et_pb_section fb_built=\"1\" admin_label=\"Blog 4\" _builder_version=\"4.15.1\" _module_preset=\"default\" locked=\"off\" global_colors_info=\"{}\"][et_pb_row use_custom_gutter=\"on\" gutter_width=\"2\" _builder_version=\"4.15.1\" _module_preset=\"default\" max_width=\"1320px\" custom_padding=\"0px||0px||false|false\" global_colors_info=\"{}\"][et_pb_column type=\"4_4\" _builder_version=\"4.15.1\" _module_preset=\"default\" global_colors_info=\"{}\"][et_pb_blog fullwidth=\"off\" posts_number=\"6\" excerpt_length=\"100\" show_more=\"on\" show_pagination=\"off\" masonry_tile_background_color=\"#000000\" module_id=\"themomarket_blog_4\" _builder_version=\"4.15.1\" _module_preset=\"default\" header_font=\"Playfair Display|600|||||||\" header_text_color=\"#FFFFFF\" header_font_size=\"1.25rem\" header_line_height=\"160%\" body_font=\"Playfair Display||||||||\" body_text_color=\"#b2b2b2\" body_font_size=\"1rem\" body_line_height=\"160%\" meta_font=\"Playfair Display||||||||\" meta_text_color=\"#ff4c60\" meta_font_size=\"0.8rem\" meta_line_height=\"140%\" read_more_font=\"Playfair Display|600|||on||||\" read_more_text_color=\"#ff4c60\" read_more_font_size=\"1rem\" read_more_line_height=\"120%\" custom_margin=\"||0px||false|false\" border_radii=\"on|8px|8px|8px|8px\" border_color_all=\"#a3a3a3\" box_shadow_style=\"preset1\" box_shadow_vertical=\"0px\" box_shadow_blur=\"40px\" box_shadow_spread=\"-20px\" box_shadow_color=\"#000000\" global_colors_info=\"{}\" header_text_color__hover_enabled=\"on|hover\" header_text_color__hover=\"#ff4c60\" box_shadow_color__hover=\"#E02B20\" box_shadow_color__hover_enabled=\"on|hover\"][\/et_pb_blog][et_pb_code admin_label=\"Custom Css Js\" _builder_version=\"4.15.1\" _module_preset=\"default\" global_colors_info=\"{}\"]<style><!-- [et_pb_line_break_holder] -->    #themomarket_blog_4 .et_pb_post{<!-- [et_pb_line_break_holder] -->    padding:24px;<!-- [et_pb_line_break_holder] -->    position:relative;<!-- [et_pb_line_break_holder] -->  }<!-- [et_pb_line_break_holder] -->    #themomarket_blog_4 .et_pb_image_container{<!-- [et_pb_line_break_holder] -->    margin:0px;<!-- [et_pb_line_break_holder] -->  }<!-- [et_pb_line_break_holder] --> #themomarket_blog_4 .entry-featured-image-url {<!-- [et_pb_line_break_holder] -->    width: 100px;<!-- [et_pb_line_break_holder] -->    position:relative!important;<!-- [et_pb_line_break_holder] -->}<!-- [et_pb_line_break_holder] -->    #themomarket_blog_4 .entry-featured-image-url:before{<!-- [et_pb_line_break_holder] -->    content:\"\";<!-- [et_pb_line_break_holder] -->    width:90%;<!-- [et_pb_line_break_holder] -->    height:90%;<!-- [et_pb_line_break_holder] -->    position:absolute;<!-- [et_pb_line_break_holder] -->    left:0;<!-- [et_pb_line_break_holder] -->    right:0;<!-- [et_pb_line_break_holder] -->    bottom:0;<!-- [et_pb_line_break_holder] -->    top:0;<!-- [et_pb_line_break_holder] -->    margin:auto;<!-- [et_pb_line_break_holder] -->    border:1px solid #a3a3a3;<!-- [et_pb_line_break_holder] -->    border-radius:8px;<!-- [et_pb_line_break_holder] -->    z-index:1;<!-- [et_pb_line_break_holder] -->  }<!-- [et_pb_line_break_holder] -->    #themomarket_blog_4 .entry-featured-image-url img{<!-- [et_pb_line_break_holder] -->    width:100px;<!-- [et_pb_line_break_holder] -->    height:100px;<!-- [et_pb_line_break_holder] -->    object-fit:cover;<!-- [et_pb_line_break_holder] -->    border-radius:8px;<!-- [et_pb_line_break_holder] -->  }<!-- [et_pb_line_break_holder] -->  #themomarket_blog_4 .post-meta{<!-- [et_pb_line_break_holder] -->    position:absolute;<!-- [et_pb_line_break_holder] -->    left:100px;<!-- [et_pb_line_break_holder] -->    top:65px;<!-- [et_pb_line_break_holder] -->    background:rgba(255,255,255,0.2);<!-- [et_pb_line_break_holder] -->    padding:10px 20px;<!-- [et_pb_line_break_holder] -->    z-index:2;<!-- [et_pb_line_break_holder] -->  }<!-- [et_pb_line_break_holder] -->#themomarket_blog_4 .post-content,<!-- [et_pb_line_break_holder] -->#themomarket_blog_4 .more-link{<!-- [et_pb_line_break_holder] -->    margin-top:16px;<!-- [et_pb_line_break_holder] -->    display:inline-block;<!-- [et_pb_line_break_holder] -->  }<!-- [et_pb_line_break_holder] -->  #themomarket_blog_4 .more-link{<!-- [et_pb_line_break_holder] -->     text-transform:capitalize;<!-- [et_pb_line_break_holder] -->  }<!-- [et_pb_line_break_holder] --><\/style><!-- [et_pb_line_break_holder] --><script><!-- [et_pb_line_break_holder] -->(function($) {<!-- [et_pb_line_break_holder] -->   var $jq = jQuery.noConflict();<!-- [et_pb_line_break_holder] -->    $jq(document).ready(function() {<!-- [et_pb_line_break_holder] -->      $(\"#themomarket_blog_4 .post-meta\").each(function() {         $(this).html($(this).html().replace('by',\"\"));<!-- [et_pb_line_break_holder] -->      });<!-- [et_pb_line_break_holder] -->    });<!-- [et_pb_line_break_holder] -->})(jQuery);<!-- [et_pb_line_break_holder] --><\/script>[\/et_pb_code][\/et_pb_column][\/et_pb_row][\/et_pb_section]"},"presets":{},"global_colors":[["gcid-86c3591e-93e2-4ce7-9e1b-444cb128ca3b",{"color":"#daa404","active":"yes"}],["gcid-f04a9e0e-872a-46e8-b8f0-8f4e51311639",{"color":"#ffffff","active":"yes"}],["gcid-d701b2ca-e4a8-4791-ac3d-e605f5ce7558",{"color":"#bebbb6","active":"yes"}],["gcid-dda02c6e-2995-44dd-872c-80e7885d2d65",{"color":"#03b5c1","active":"yes"}],["gcid-fcab1aee-a75e-43fa-9e0d-b25c9f634623",{"color":"rgba(3,181,193,0.11)","active":"yes"}]],"images":[],"thumbnails":[]}